{
    "ND": 0.45081875174907154,
    "RMSE": 0.8788849725820256,
    "test_loss": 1.722595460065352
}