{
    "ND": 0.4508187512783369,
    "RMSE": 0.8788849751281116,
    "test_loss": 1.7220713168361699
}